id,date
1,2021-05-11
2,2021-05-18
3,2021-05-25
4,2021-06-02
5,2021-06-09
6,2021-06-23
7,2021-07-09
8,2021-07-19
9,2021-08-05
10,2021-08-13
11,2021-08-24
12,2021-09-21
13,2021-10-14
14,2021-10-21
15,2021-11-02
16,2021-11-17
17,2021-12-21
18,2022-01-20
19,2022-02-18
20,2022-03-29
21,2022-04-05
22,2022-04-12
23,2022-04-19
24,2022-05-03
25,2022-05-13
26,2022-05-27
27,2022-06-07
28,2022-06-17
29,2022-07-28
30,2022-08-11
31,2022-09-17
32,2022-10-18
33,2022-11-01
34,2022-11-15
35,2023-01-23
36,2023-02-15
37,2023-03-02
38,2023-03-21
39,2023-04-06
40,2023-05-09
41,2023-05-31
42,2023-07-06
43,2023-09-14
45,2023-10-05
46,2023-10-16
47,2023-11-02
48,2023-12-04
49,2024-01-15
50,2024-02-19
51,2024-03-06
52,2024-03-12
53,2024-03-20
